-- MySQL dump 10.14  Distrib 5.5.64-MariaDB, for Linux (x86_64)
--
-- Host: mysql8079.xserver.jp    Database: cajiya00_searoute
-- ------------------------------------------------------
-- Server version	5.7.40

/*!40101 SET @OLD_CHARACTER_SET_CLIENT=@@CHARACTER_SET_CLIENT */;
/*!40101 SET @OLD_CHARACTER_SET_RESULTS=@@CHARACTER_SET_RESULTS */;
/*!40101 SET @OLD_COLLATION_CONNECTION=@@COLLATION_CONNECTION */;
/*!40101 SET NAMES utf8 */;
/*!40103 SET @OLD_TIME_ZONE=@@TIME_ZONE */;
/*!40103 SET TIME_ZONE='+00:00' */;
/*!40014 SET @OLD_UNIQUE_CHECKS=@@UNIQUE_CHECKS, UNIQUE_CHECKS=0 */;
/*!40014 SET @OLD_FOREIGN_KEY_CHECKS=@@FOREIGN_KEY_CHECKS, FOREIGN_KEY_CHECKS=0 */;
/*!40101 SET @OLD_SQL_MODE=@@SQL_MODE, SQL_MODE='NO_AUTO_VALUE_ON_ZERO' */;
/*!40111 SET @OLD_SQL_NOTES=@@SQL_NOTES, SQL_NOTES=0 */;

--
-- Current Database: `cajiya00_searoute`
--

CREATE DATABASE /*!32312 IF NOT EXISTS*/ `cajiya00_searoute` /*!40100 DEFAULT CHARACTER SET utf8 */;

USE `cajiya00_searoute`;

--
-- Table structure for table `doctrine_migration_versions`
--

DROP TABLE IF EXISTS `doctrine_migration_versions`;
/*!40101 SET @saved_cs_client     = @@character_set_client */;
/*!40101 SET character_set_client = utf8 */;
CREATE TABLE `doctrine_migration_versions` (
  `version` varchar(191) COLLATE utf8_unicode_ci NOT NULL,
  `executed_at` datetime DEFAULT NULL,
  `execution_time` int(11) DEFAULT NULL,
  PRIMARY KEY (`version`)
) ENGINE=InnoDB DEFAULT CHARSET=utf8 COLLATE=utf8_unicode_ci;
/*!40101 SET character_set_client = @saved_cs_client */;

--
-- Dumping data for table `doctrine_migration_versions`
--

LOCK TABLES `doctrine_migration_versions` WRITE;
/*!40000 ALTER TABLE `doctrine_migration_versions` DISABLE KEYS */;
INSERT INTO `doctrine_migration_versions` VALUES ('DoctrineMigrations\\Version20240224045648','2024-02-24 04:57:10',59);
/*!40000 ALTER TABLE `doctrine_migration_versions` ENABLE KEYS */;
UNLOCK TABLES;

--
-- Table structure for table `messenger_messages`
--

DROP TABLE IF EXISTS `messenger_messages`;
/*!40101 SET @saved_cs_client     = @@character_set_client */;
/*!40101 SET character_set_client = utf8 */;
CREATE TABLE `messenger_messages` (
  `id` bigint(20) NOT NULL AUTO_INCREMENT,
  `body` longtext COLLATE utf8mb4_unicode_ci NOT NULL,
  `headers` longtext COLLATE utf8mb4_unicode_ci NOT NULL,
  `queue_name` varchar(190) COLLATE utf8mb4_unicode_ci NOT NULL,
  `created_at` datetime NOT NULL COMMENT '(DC2Type:datetime_immutable)',
  `available_at` datetime NOT NULL COMMENT '(DC2Type:datetime_immutable)',
  `delivered_at` datetime DEFAULT NULL COMMENT '(DC2Type:datetime_immutable)',
  PRIMARY KEY (`id`),
  KEY `IDX_75EA56E0FB7336F0` (`queue_name`),
  KEY `IDX_75EA56E0E3BD61CE` (`available_at`),
  KEY `IDX_75EA56E016BA31DB` (`delivered_at`)
) ENGINE=InnoDB DEFAULT CHARSET=utf8mb4 COLLATE=utf8mb4_unicode_ci;
/*!40101 SET character_set_client = @saved_cs_client */;

--
-- Dumping data for table `messenger_messages`
--

LOCK TABLES `messenger_messages` WRITE;
/*!40000 ALTER TABLE `messenger_messages` DISABLE KEYS */;
/*!40000 ALTER TABLE `messenger_messages` ENABLE KEYS */;
UNLOCK TABLES;

--
-- Table structure for table `port`
--

DROP TABLE IF EXISTS `port`;
/*!40101 SET @saved_cs_client     = @@character_set_client */;
/*!40101 SET character_set_client = utf8 */;
CREATE TABLE `port` (
  `id` int(11) NOT NULL AUTO_INCREMENT,
  `name` varchar(255) COLLATE utf8mb4_unicode_ci NOT NULL,
  PRIMARY KEY (`id`)
) ENGINE=InnoDB AUTO_INCREMENT=79 DEFAULT CHARSET=utf8mb4 COLLATE=utf8mb4_unicode_ci;
/*!40101 SET character_set_client = @saved_cs_client */;

--
-- Dumping data for table `port`
--

LOCK TABLES `port` WRITE;
/*!40000 ALTER TABLE `port` DISABLE KEYS */;
INSERT INTO `port` VALUES (1,'博多港'),(2,'宇久平港'),(3,'小値賀港'),(4,'青方港'),(5,'奈留港'),(6,'福江港'),(7,'佐世保港'),(8,'有川港'),(9,'鯛ノ浦港'),(10,'長崎港'),(11,'奥浦港'),(12,'田の浦港'),(13,'本窯港'),(14,'伊福貴港'),(15,'赤島港'),(16,'黄島港'),(17,'唐津東港'),(18,'印通寺港'),(19,'郷ノ浦港'),(20,'芦辺港'),(21,'厳原港'),(22,'比田勝港'),(23,'相浦港'),(24,'高島港（佐世保市）'),(25,'黒島港'),(26,'島原港'),(27,'熊本港'),(28,'口之津港'),(29,'鬼池港'),(30,'三池港'),(31,'時津港'),(32,'長崎空港'),(33,'ハウステンボス'),(34,'多比良港'),(35,'長洲港'),(36,'崎戸港'),(37,'江島港'),(38,'平島港'),(39,'友住港'),(40,'横瀬西港'),(41,'小郡港'),(42,'畑下港'),(43,'川内港'),(44,'的山港'),(45,'田平港'),(46,'平戸港'),(47,'松島港'),(48,'瀬戸港'),(49,'大島港'),(50,'長島港'),(51,'原島港'),(52,'渡良浦港'),(53,'高島港（長崎市）'),(54,'伊王島港'),(55,'若松港'),(56,'前津吉港'),(57,'奈良尾港'),(58,'御厨港'),(59,'青島港'),(60,'船唐津'),(61,'阿翁港'),(62,'今福港'),(63,'飛鳥港'),(64,'殿ノ浦港'),(65,'本村港'),(66,'飯盛港'),(67,'郷ノ首港'),(68,'土井浦港'),(69,'笛吹港'),(70,'六島港'),(71,'野崎港'),(72,'黒島（五島市）'),(73,'池島港'),(74,'神浦港'),(75,'面高港'),(76,'柳港'),(77,'納島港'),(78,'寺島港');
/*!40000 ALTER TABLE `port` ENABLE KEYS */;
UNLOCK TABLES;

--
-- Table structure for table `price`
--

DROP TABLE IF EXISTS `price`;
/*!40101 SET @saved_cs_client     = @@character_set_client */;
/*!40101 SET character_set_client = utf8 */;
CREATE TABLE `price` (
  `id` int(11) NOT NULL AUTO_INCREMENT,
  `schedule_id_id` int(11) DEFAULT NULL,
  `name` varchar(255) COLLATE utf8mb4_unicode_ci NOT NULL,
  `price` int(11) NOT NULL,
  PRIMARY KEY (`id`),
  KEY `IDX_CAC822D9831D5E0B` (`schedule_id_id`),
  CONSTRAINT `FK_CAC822D9831D5E0B` FOREIGN KEY (`schedule_id_id`) REFERENCES `schedule` (`id`)
) ENGINE=InnoDB DEFAULT CHARSET=utf8mb4 COLLATE=utf8mb4_unicode_ci;
/*!40101 SET character_set_client = @saved_cs_client */;

--
-- Dumping data for table `price`
--

LOCK TABLES `price` WRITE;
/*!40000 ALTER TABLE `price` DISABLE KEYS */;
/*!40000 ALTER TABLE `price` ENABLE KEYS */;
UNLOCK TABLES;

--
-- Table structure for table `route`
--

DROP TABLE IF EXISTS `route`;
/*!40101 SET @saved_cs_client     = @@character_set_client */;
/*!40101 SET character_set_client = utf8 */;
CREATE TABLE `route` (
  `id` int(11) NOT NULL AUTO_INCREMENT,
  `depart_port_id` int(11) DEFAULT NULL,
  `arrival_port_id` int(11) DEFAULT NULL,
  `category_id_id` int(11) DEFAULT NULL,
  PRIMARY KEY (`id`),
  KEY `IDX_2C42079DA760B40` (`depart_port_id`),
  KEY `IDX_2C42079BD22E494` (`arrival_port_id`),
  KEY `IDX_2C420799777D11E` (`category_id_id`),
  CONSTRAINT `FK_2C420799777D11E` FOREIGN KEY (`category_id_id`) REFERENCES `route_category` (`id`),
  CONSTRAINT `FK_2C42079BD22E494` FOREIGN KEY (`arrival_port_id`) REFERENCES `port` (`id`),
  CONSTRAINT `FK_2C42079DA760B40` FOREIGN KEY (`depart_port_id`) REFERENCES `port` (`id`)
) ENGINE=InnoDB AUTO_INCREMENT=191 DEFAULT CHARSET=utf8mb4 COLLATE=utf8mb4_unicode_ci;
/*!40101 SET character_set_client = @saved_cs_client */;

--
-- Dumping data for table `route`
--

LOCK TABLES `route` WRITE;
/*!40000 ALTER TABLE `route` DISABLE KEYS */;
INSERT INTO `route` VALUES (2,1,20,NULL),(3,20,1,NULL),(4,20,21,NULL),(5,21,20,NULL),(6,1,19,NULL),(7,19,1,NULL),(8,19,21,NULL),(9,21,19,NULL),(10,1,22,NULL),(11,22,1,NULL),(12,17,18,NULL),(13,18,17,NULL),(14,1,2,NULL),(15,2,1,NULL),(16,2,3,NULL),(17,3,2,NULL),(18,3,4,NULL),(19,4,3,NULL),(20,4,5,NULL),(21,5,4,NULL),(22,5,6,NULL),(23,6,5,NULL),(24,6,4,NULL),(25,10,54,1),(26,54,53,NULL),(27,53,54,NULL),(28,54,10,NULL),(29,9,10,NULL),(30,10,9,NULL),(31,10,8,1),(32,10,6,1),(33,8,10,1),(34,32,33,1),(35,33,32,1),(36,8,7,1),(37,7,8,1),(38,2,7,1),(39,7,2,1),(40,2,8,1),(41,8,2,1),(42,3,8,1),(43,8,3,1),(44,31,32,1),(45,32,31,1),(46,3,7,1),(47,7,3,1),(48,6,10,1),(49,7,23,1),(50,28,29,1),(51,11,12,1),(52,29,28,1),(53,39,38,1),(54,12,11,1),(55,12,6,1),(56,6,12,1),(57,38,37,1),(58,49,46,1),(59,38,39,1),(60,6,13,1),(61,13,6,1),(62,25,24,1),(63,37,38,1),(64,37,36,1),(65,36,37,1),(66,26,27,1),(67,36,7,1),(68,7,36,1),(69,10,8,1),(70,14,6,1),(71,6,14,1),(72,27,26,1),(73,34,35,1),(74,7,49,1),(75,6,16,1),(76,49,7,1),(77,19,6,1),(78,6,15,1),(79,49,47,1),(80,47,49,1),(81,48,47,1),(82,47,48,1),(85,15,16,1),(86,16,15,1),(87,30,26,1),(88,15,6,1),(89,43,42,1),(90,42,43,1),(91,42,41,1),(92,41,42,1),(93,23,24,1),(94,41,40,1),(95,40,41,1),(96,40,7,1),(97,7,40,1),(98,24,23,1),(99,24,25,1),(100,26,30,1),(101,44,45,1),(102,45,44,1),(103,45,46,1),(104,46,45,1),(105,49,50,1),(106,50,51,1),(107,51,52,1),(108,52,19,1),(109,19,52,1),(110,52,51,1),(111,51,50,1),(112,51,49,1),(113,38,23,1),(114,23,7,1),(115,23,38,1),(117,14,13,1),(119,2,10,1),(120,10,2,1),(121,44,46,1),(122,46,44,1),(123,35,34,1),(124,55,5,1),(125,5,55,1),(126,10,54,1),(127,42,43,1),(128,43,42,1),(129,43,7,1),(130,40,43,1),(131,7,43,1),(132,25,24,1),(133,50,49,1),(134,56,7,1),(135,7,56,1),(136,56,23,1),(137,6,57,1),(138,57,6,1),(139,57,10,1),(140,10,57,1),(141,58,59,1),(142,59,60,1),(143,60,25,1),(144,25,61,1),(145,61,25,1),(146,25,60,1),(147,60,59,1),(148,59,58,1),(149,62,63,1),(150,63,64,1),(151,64,63,1),(152,63,62,1),(153,16,6,1),(154,13,14,1),(155,65,66,1),(156,66,65,1),(157,66,46,1),(158,46,66,1),(159,65,46,1),(160,46,65,1),(161,55,67,1),(162,67,68,1),(163,68,67,1),(164,67,55,1),(165,68,5,1),(166,5,68,1),(167,6,68,1),(168,69,49,1),(169,69,70,1),(170,70,71,1),(171,49,69,1),(172,71,69,1),(173,69,71,1),(174,7,75,1),(175,75,7,1),(176,76,77,1),(177,77,76,1),(178,75,49,1),(179,49,75,1),(180,59,61,1),(181,74,78,1),(182,48,73,1),(183,78,74,1),(184,73,74,1),(185,74,73,1),(186,73,47,1),(187,78,76,1),(188,76,74,1),(189,58,60,1),(190,74,76,1);
/*!40000 ALTER TABLE `route` ENABLE KEYS */;
UNLOCK TABLES;

--
-- Table structure for table `route_category`
--

DROP TABLE IF EXISTS `route_category`;
/*!40101 SET @saved_cs_client     = @@character_set_client */;
/*!40101 SET character_set_client = utf8 */;
CREATE TABLE `route_category` (
  `id` int(11) NOT NULL AUTO_INCREMENT,
  `name` varchar(255) COLLATE utf8mb4_unicode_ci NOT NULL,
  PRIMARY KEY (`id`)
) ENGINE=InnoDB AUTO_INCREMENT=3 DEFAULT CHARSET=utf8mb4 COLLATE=utf8mb4_unicode_ci;
/*!40101 SET character_set_client = @saved_cs_client */;

--
-- Dumping data for table `route_category`
--

LOCK TABLES `route_category` WRITE;
/*!40000 ALTER TABLE `route_category` DISABLE KEYS */;
INSERT INTO `route_category` VALUES (1,'フェリー'),(2,'バス');
/*!40000 ALTER TABLE `route_category` ENABLE KEYS */;
UNLOCK TABLES;

--
-- Table structure for table `schedule`
--

DROP TABLE IF EXISTS `schedule`;
/*!40101 SET @saved_cs_client     = @@character_set_client */;
/*!40101 SET character_set_client = utf8 */;
CREATE TABLE `schedule` (
  `id` int(11) NOT NULL AUTO_INCREMENT,
  `route_id_id` int(11) DEFAULT NULL,
  `vehicle_id_id` int(11) DEFAULT NULL,
  `start_date` date NOT NULL COMMENT '(DC2Type:date_immutable)',
  `end_date` date NOT NULL COMMENT '(DC2Type:date_immutable)',
  `start_hour` int(11) NOT NULL,
  `start_minute` int(11) NOT NULL,
  `end_hour` int(11) NOT NULL,
  `end_minute` int(11) NOT NULL,
  PRIMARY KEY (`id`),
  KEY `IDX_5A3811FBE23BACF9` (`route_id_id`),
  KEY `IDX_5A3811FB1DEB1EBB` (`vehicle_id_id`),
  CONSTRAINT `FK_5A3811FB1DEB1EBB` FOREIGN KEY (`vehicle_id_id`) REFERENCES `vehicle` (`id`),
  CONSTRAINT `FK_5A3811FBE23BACF9` FOREIGN KEY (`route_id_id`) REFERENCES `route` (`id`)
) ENGINE=InnoDB AUTO_INCREMENT=680 DEFAULT CHARSET=utf8mb4 COLLATE=utf8mb4_unicode_ci;
/*!40101 SET character_set_client = @saved_cs_client */;

--
-- Dumping data for table `schedule`
--

LOCK TABLES `schedule` WRITE;
/*!40000 ALTER TABLE `schedule` DISABLE KEYS */;
INSERT INTO `schedule` VALUES (1,10,NULL,'8888-01-01','8888-12-31',22,30,3,25),(2,11,NULL,'8888-01-01','8888-12-31',16,0,20,55),(3,6,NULL,'8888-01-01','8888-12-31',8,0,9,10),(4,2,NULL,'8888-01-01','8888-12-31',10,45,11,50),(5,4,NULL,'8888-01-01','8888-12-31',11,55,13,0),(6,6,NULL,'8888-01-01','8888-12-31',15,45,16,55),(7,2,NULL,'8888-01-01','8888-12-31',0,5,2,15),(8,4,NULL,'8888-01-01','8888-12-31',2,25,4,45),(9,6,NULL,'8888-01-01','8888-12-31',10,0,12,20),(10,8,NULL,'8888-01-01','8888-12-31',12,35,14,45),(11,6,NULL,'8888-01-01','8888-12-31',20,35,22,55),(12,5,NULL,'8888-01-01','8888-12-31',13,15,14,20),(13,3,NULL,'8888-01-01','8888-12-31',14,25,15,30),(14,5,NULL,'8888-01-01','8888-12-31',8,50,11,5),(15,3,NULL,'8888-01-01','8888-12-31',11,15,13,25),(16,9,NULL,'8888-01-01','8888-12-31',15,25,17,30),(17,7,NULL,'8888-01-01','8888-12-31',17,45,20,10),(18,12,NULL,'8888-01-01','8888-12-31',8,40,10,25),(19,12,NULL,'8888-01-01','8888-12-31',10,20,12,5),(20,12,NULL,'8888-01-01','8888-12-31',13,20,15,5),(21,12,NULL,'8888-01-01','8888-12-31',15,30,17,15),(22,12,NULL,'8888-01-01','8888-12-31',18,20,20,5),(23,13,NULL,'8888-01-01','8888-12-31',8,20,10,0),(24,13,NULL,'8888-01-01','8888-12-31',10,50,12,30),(25,13,NULL,'8888-01-01','8888-12-31',13,20,15,0),(26,13,NULL,'8888-01-01','8888-12-31',15,30,17,10),(27,13,NULL,'8888-01-01','8888-12-31',17,30,19,10),(28,14,NULL,'8888-01-01','8888-12-31',23,45,3,55),(29,16,NULL,'8888-01-01','8888-12-31',4,5,4,40),(30,18,NULL,'8888-01-01','8888-12-31',4,50,5,40),(31,20,NULL,'8888-01-01','8888-12-31',6,5,7,25),(32,22,NULL,'8888-01-01','8888-12-31',7,35,8,15),(33,24,NULL,'8888-01-01','8888-12-31',10,10,11,50),(34,19,NULL,'8888-01-01','8888-12-31',12,10,13,0),(35,17,NULL,'8888-01-01','8888-12-31',13,10,13,45),(36,15,NULL,'8888-01-01','8888-12-31',13,55,17,50),(37,25,NULL,'8888-01-01','8888-12-31',5,50,6,11),(38,25,NULL,'8888-01-01','8888-12-31',7,20,7,42),(39,25,NULL,'8888-01-01','8888-12-31',8,50,9,12),(40,25,NULL,'8888-01-01','8888-12-31',11,50,12,15),(41,25,NULL,'8888-01-01','8888-12-31',14,20,14,32),(42,25,NULL,'8888-01-01','8888-12-31',17,15,17,42),(43,25,NULL,'8888-01-01','8888-12-31',19,20,19,42),(44,25,NULL,'8888-01-01','8888-12-31',21,5,21,27),(45,26,NULL,'8888-01-01','8888-12-31',6,11,6,23),(46,26,NULL,'8888-01-01','8888-12-31',7,42,7,54),(47,26,NULL,'8888-01-01','8888-12-31',9,12,9,24),(48,26,NULL,'8888-01-01','8888-12-31',12,15,12,27),(49,26,NULL,'8888-01-01','8888-12-31',14,43,14,55),(50,26,NULL,'8888-01-01','8888-12-31',17,42,17,54),(51,26,NULL,'8888-01-01','8888-12-31',19,42,19,54),(52,26,NULL,'8888-01-01','8888-12-31',21,27,21,39),(53,27,NULL,'8888-01-01','8888-12-31',6,27,6,45),(54,27,NULL,'8888-01-01','8888-12-31',8,0,8,15),(55,27,NULL,'8888-01-01','8888-12-31',9,30,9,47),(56,27,NULL,'8888-01-01','8888-12-31',12,40,12,55),(57,27,NULL,'8888-01-01','8888-12-31',15,0,15,17),(58,27,NULL,'8888-01-01','8888-12-31',18,0,18,16),(59,27,NULL,'8888-01-01','8888-12-31',20,15,20,30),(60,27,NULL,'8888-01-01','8888-12-31',21,42,21,57),(61,28,NULL,'8888-01-01','8888-12-31',6,45,7,4),(62,28,NULL,'8888-01-01','8888-12-31',8,15,8,34),(63,28,NULL,'8888-01-01','8888-12-31',9,47,10,6),(64,28,NULL,'8888-01-01','8888-12-31',12,55,13,14),(65,28,NULL,'8888-01-01','8888-12-31',15,17,15,36),(66,28,NULL,'8888-01-01','8888-12-31',18,16,18,35),(67,28,NULL,'8888-01-01','8888-12-31',20,30,20,49),(68,28,NULL,'8888-01-01','8888-12-31',21,57,22,16),(69,29,NULL,'8888-01-01','8888-12-31',7,45,9,25),(70,29,NULL,'8888-01-01','8888-12-31',13,30,15,10),(71,29,NULL,'8888-01-01','8888-12-31',16,0,17,40),(72,30,NULL,'8888-01-01','8888-12-31',8,20,10,0),(73,30,NULL,'8888-01-01','8888-12-31',10,0,11,40),(74,30,NULL,'8888-01-01','8888-12-31',16,0,17,40),(76,31,NULL,'8888-01-01','8888-12-31',7,55,9,38),(77,31,NULL,'8888-01-01','8888-12-31',10,30,12,13),(78,31,NULL,'8888-01-01','8888-12-31',16,20,18,3),(79,33,NULL,'8888-01-01','8888-12-31',7,50,9,33),(80,33,NULL,'8888-01-01','8888-12-31',14,20,16,3),(81,33,NULL,'8888-01-01','8888-12-31',16,40,18,23),(82,34,NULL,'8888-01-01','8888-12-31',10,10,11,0),(83,36,NULL,'8888-01-01','8888-12-31',10,0,11,25),(84,38,NULL,'8888-01-01','8888-12-31',7,45,9,10),(85,34,NULL,'8888-01-01','8888-12-31',12,40,13,30),(86,38,NULL,'8888-01-01','8888-12-31',11,25,12,50),(87,34,NULL,'8888-01-01','8888-12-31',15,20,16,10),(88,40,NULL,'8888-01-01','8888-12-31',15,5,15,50),(89,35,NULL,'8888-01-01','8888-12-31',11,20,12,10),(90,35,NULL,'8888-01-01','8888-12-31',13,50,14,40),(91,35,NULL,'8888-01-01','8888-12-31',16,30,17,20),(92,16,NULL,'8888-01-01','8888-12-31',17,40,18,0),(93,42,NULL,'8888-01-01','8888-12-31',18,5,18,40),(94,44,NULL,'8888-01-01','8888-12-31',6,20,6,45),(95,44,NULL,'8888-01-01','8888-12-31',7,20,7,45),(96,44,NULL,'8888-01-01','8888-12-31',8,30,8,55),(97,44,NULL,'8888-01-01','8888-12-31',9,0,9,25),(98,44,NULL,'8888-01-01','8888-12-31',10,0,10,25),(99,44,NULL,'8888-01-01','8888-12-31',10,30,10,55),(100,44,NULL,'8888-01-01','8888-12-31',11,0,11,25),(101,44,NULL,'8888-01-01','8888-12-31',12,0,12,25),(102,44,NULL,'8888-01-01','8888-12-31',13,0,13,25),(103,44,NULL,'8888-01-01','8888-12-31',14,0,14,25),(104,44,NULL,'8888-01-01','8888-12-31',15,0,15,25),(105,44,NULL,'8888-01-01','8888-12-31',16,0,16,25),(106,44,NULL,'8888-01-01','8888-12-31',17,0,17,25),(107,44,NULL,'8888-01-01','8888-12-31',18,0,18,25),(108,44,NULL,'8888-01-01','8888-12-31',19,40,20,5),(109,45,NULL,'8888-01-01','8888-12-31',9,30,9,55),(110,45,NULL,'8888-01-01','8888-12-31',10,0,10,25),(111,45,NULL,'8888-01-01','8888-12-31',10,30,10,55),(112,45,NULL,'8888-01-01','8888-12-31',11,0,11,25),(113,45,NULL,'8888-01-01','8888-12-31',11,30,11,55),(114,45,NULL,'8888-01-01','8888-12-31',12,30,12,55),(115,45,NULL,'8888-01-01','8888-12-31',13,45,14,10),(116,45,NULL,'8888-01-01','8888-12-31',15,0,15,25),(117,45,NULL,'8888-01-01','8888-12-31',15,45,16,10),(118,45,NULL,'8888-01-01','8888-12-31',16,30,16,55),(119,45,NULL,'8888-01-01','8888-12-31',17,0,17,25),(120,45,NULL,'8888-01-01','8888-12-31',17,30,17,55),(121,45,NULL,'8888-01-01','8888-12-31',19,10,19,35),(122,45,NULL,'8888-01-01','8888-12-31',20,30,20,55),(123,45,NULL,'8888-01-01','8888-12-31',21,45,22,10),(124,17,NULL,'8888-01-01','8888-12-31',7,20,7,40),(125,38,NULL,'8888-01-01','8888-12-31',7,45,9,10),(126,17,NULL,'8888-01-01','8888-12-31',11,0,11,20),(127,38,NULL,'8888-01-01','8888-12-31',11,25,12,50),(128,17,NULL,'8888-01-01','8888-12-31',14,40,15,0),(129,40,NULL,'8888-01-01','8888-12-31',15,5,15,50),(130,43,NULL,'8888-01-01','8888-12-31',6,40,7,15),(131,43,NULL,'8888-01-01','8888-12-31',14,0,14,35),(132,47,NULL,'8888-01-01','8888-12-31',9,25,10,55),(133,37,NULL,'8888-01-01','8888-12-31',12,20,13,45),(134,39,NULL,'8888-01-01','8888-12-31',15,45,17,10),(135,29,NULL,'8888-01-01','8888-12-31',7,45,9,25),(136,29,NULL,'8888-01-01','8888-12-31',13,30,15,10),(137,29,NULL,'8888-01-01','8888-12-31',16,0,17,40),(138,29,NULL,'8888-01-01','8888-12-31',7,45,9,25),(139,37,NULL,'8888-01-01','8888-12-31',8,0,10,35),(140,29,NULL,'8888-01-01','8888-12-31',13,30,15,10),(141,37,NULL,'8888-01-01','8888-12-31',13,45,16,20),(142,39,NULL,'8888-01-01','8888-12-31',10,40,13,5),(143,47,NULL,'8888-01-01','8888-12-31',17,5,19,40),(144,29,NULL,'8888-01-01','8888-12-31',16,0,17,40),(145,36,NULL,'8888-01-01','8888-12-31',10,50,13,20),(146,36,NULL,'8888-01-01','8888-12-31',16,35,19,10),(147,50,NULL,'8888-01-01','8888-12-31',6,30,7,0),(148,50,NULL,'8888-01-01','8888-12-31',7,15,7,45),(149,29,NULL,'8888-01-01','8888-12-31',7,45,9,25),(150,46,NULL,'8888-01-01','8888-12-31',7,45,10,20),(151,50,NULL,'8888-01-01','8888-12-31',8,0,8,30),(152,46,NULL,'8888-01-01','8888-12-31',14,5,16,40),(153,29,NULL,'8888-01-01','8888-12-31',17,0,18,40),(154,17,NULL,'8888-01-01','8888-12-31',19,45,20,25),(155,50,NULL,'8888-01-01','8888-12-31',9,0,9,30),(156,30,NULL,'8888-01-01','8888-12-31',8,20,10,0),(157,50,NULL,'8888-01-01','8888-12-31',9,45,10,15),(158,50,NULL,'8888-01-01','8888-12-31',10,45,11,15),(159,16,NULL,'8888-01-01','8888-12-31',7,0,7,40),(160,16,NULL,'8888-01-01','8888-12-31',13,15,13,55),(161,50,NULL,'8888-01-01','8888-12-31',11,30,12,0),(162,50,NULL,'8888-01-01','8888-12-31',12,30,13,0),(163,50,NULL,'8888-01-01','8888-12-31',13,15,13,45),(164,50,NULL,'8888-01-01','8888-12-31',14,15,14,45),(165,50,NULL,'8888-01-01','8888-12-31',15,0,15,30),(166,50,NULL,'8888-01-01','8888-12-31',16,0,16,30),(167,30,NULL,'8888-01-01','8888-12-31',10,0,11,40),(168,50,NULL,'8888-01-01','8888-12-31',16,45,17,15),(169,50,NULL,'8888-01-01','8888-12-31',17,45,18,15),(170,30,NULL,'8888-01-01','8888-12-31',16,0,17,40),(171,50,NULL,'8888-01-01','8888-12-31',18,30,19,0),(172,52,NULL,'8888-01-01','8888-12-31',6,30,7,0),(173,30,NULL,'8888-01-01','8888-12-31',8,20,10,0),(174,52,NULL,'8888-01-01','8888-12-31',7,15,7,45),(175,52,NULL,'8888-01-01','8888-12-31',8,0,8,30),(176,52,NULL,'8888-01-01','8888-12-31',9,0,9,30),(177,30,NULL,'8888-01-01','8888-12-31',10,0,11,40),(178,52,NULL,'8888-01-01','8888-12-31',9,45,10,15),(179,52,NULL,'8888-01-01','8888-12-31',10,45,11,15),(180,52,NULL,'8888-01-01','8888-12-31',11,30,12,0),(181,52,NULL,'8888-01-01','8888-12-31',12,30,13,0),(182,52,NULL,'8888-01-01','8888-12-31',13,15,13,45),(183,52,NULL,'8888-01-01','8888-12-31',14,15,14,45),(184,52,NULL,'8888-01-01','8888-12-31',15,0,15,30),(185,52,NULL,'8888-01-01','8888-12-31',16,0,16,30),(186,52,NULL,'8888-01-01','8888-12-31',16,45,17,15),(187,52,NULL,'8888-01-01','8888-12-31',17,45,18,15),(188,52,NULL,'8888-01-01','8888-12-31',18,30,19,0),(189,30,NULL,'8888-01-01','8888-12-31',17,0,18,40),(190,32,NULL,'8888-01-01','8888-12-31',8,5,11,15),(191,32,NULL,'8888-01-01','8888-12-31',16,50,20,0),(192,53,NULL,'8888-01-01','8888-12-31',7,0,7,20),(193,53,NULL,'8888-01-01','8888-12-31',7,16,7,36),(194,57,NULL,'8888-01-01','8888-12-31',7,25,8,8),(195,57,NULL,'8888-01-01','8888-12-31',7,41,8,24),(196,64,NULL,'8888-01-01','8888-12-31',8,13,9,8),(197,72,NULL,'8888-01-01','8888-12-31',8,30,9,30),(198,64,NULL,'8888-01-01','8888-12-31',8,30,9,25),(199,72,NULL,'8888-01-01','8888-12-31',11,0,12,0),(200,67,NULL,'8888-01-01','8888-12-31',9,15,10,30),(201,72,NULL,'8888-01-01','8888-12-31',13,40,14,40),(202,67,NULL,'8888-01-01','8888-12-31',9,30,10,45),(203,68,NULL,'8888-01-01','8888-12-31',14,0,15,10),(204,68,NULL,'8888-01-01','8888-12-31',13,30,14,40),(205,72,NULL,'8888-01-01','8888-12-31',16,5,17,5),(206,65,NULL,'8888-01-01','8888-12-31',15,20,16,15),(207,72,NULL,'8888-01-01','8888-12-31',19,10,20,10),(208,65,NULL,'8888-01-01','8888-12-31',14,50,15,45),(209,66,NULL,'8888-01-01','8888-12-31',7,10,8,10),(210,63,NULL,'8888-01-01','8888-12-31',16,20,17,3),(211,72,NULL,'8888-01-01','8888-12-31',7,0,8,0),(212,63,NULL,'8888-01-01','8888-12-31',15,50,16,33),(213,59,NULL,'8888-01-01','8888-12-31',17,10,17,30),(214,72,NULL,'8888-01-01','8888-12-31',17,40,18,40),(215,72,NULL,'8888-01-01','8888-12-31',9,55,10,55),(216,59,NULL,'8888-01-01','8888-12-31',16,40,17,0),(217,66,NULL,'8888-01-01','8888-12-31',11,10,12,10),(219,2,NULL,'8888-01-01','8888-12-31',17,50,18,50),(221,101,NULL,'8888-01-01','8888-12-31',7,0,7,45),(222,119,NULL,'8888-01-01','8888-12-31',7,45,10,10),(225,46,NULL,'8888-01-01','8888-12-31',13,55,16,40),(226,103,NULL,'8888-01-01','8888-12-31',7,48,8,40),(227,121,NULL,'8888-01-01','8888-12-31',9,20,10,0),(228,121,NULL,'8888-01-01','8888-12-31',11,20,12,0),(229,121,NULL,'8888-01-01','8888-12-31',14,0,14,40),(230,121,NULL,'8888-01-01','8888-12-31',16,30,17,10),(231,122,NULL,'8888-01-01','8888-12-31',8,25,9,5),(232,122,NULL,'8888-01-01','8888-12-31',10,20,11,0),(233,122,NULL,'8888-01-01','8888-12-31',13,0,13,40),(234,122,NULL,'8888-01-01','8888-12-31',15,30,16,10),(235,122,NULL,'8888-01-01','8888-12-31',17,45,18,25),(236,51,NULL,'8888-01-01','8888-12-31',7,30,7,49),(237,123,NULL,'8888-01-01','8888-12-31',6,0,6,45),(238,123,NULL,'8888-01-01','8888-12-31',7,0,7,45),(239,123,NULL,'8888-01-01','8888-12-31',8,0,8,45),(240,55,NULL,'8888-01-01','8888-12-31',8,0,8,34),(241,123,NULL,'8888-01-01','8888-12-31',8,55,9,40),(242,123,NULL,'8888-01-01','8888-12-31',9,50,10,35),(243,123,NULL,'8888-01-01','8888-12-31',10,45,11,30),(244,123,NULL,'8888-01-01','8888-12-31',11,40,12,25),(245,123,NULL,'8888-01-01','8888-12-31',12,40,13,25),(246,123,NULL,'8888-01-01','8888-12-31',13,35,14,20),(247,62,NULL,'8888-01-01','8888-12-31',6,40,7,5),(248,123,NULL,'8888-01-01','8888-12-31',14,30,15,15),(249,62,NULL,'8888-01-01','8888-12-31',11,10,11,35),(250,123,NULL,'8888-01-01','8888-12-31',15,25,16,10),(251,62,NULL,'8888-01-01','8888-12-31',15,30,15,55),(252,123,NULL,'8888-01-01','8888-12-31',16,20,17,5),(253,123,NULL,'8888-01-01','8888-12-31',17,15,18,0),(254,98,NULL,'8888-01-01','8888-12-31',7,10,7,30),(255,123,NULL,'8888-01-01','8888-12-31',18,10,18,55),(256,22,NULL,'8888-01-01','8888-12-31',6,35,7,20),(257,98,NULL,'8888-01-01','8888-12-31',11,40,12,0),(258,123,NULL,'8888-01-01','8888-12-31',19,5,19,50),(259,98,NULL,'8888-01-01','8888-12-31',16,0,16,20),(260,123,NULL,'8888-01-01','8888-12-31',20,0,20,45),(261,93,NULL,'8888-01-01','8888-12-31',10,0,10,20),(262,22,NULL,'8888-01-01','8888-12-31',11,30,12,15),(263,73,NULL,'8888-01-01','8888-12-31',6,0,6,45),(264,93,NULL,'8888-01-01','8888-12-31',13,0,13,20),(265,56,NULL,'8888-01-01','8888-12-31',13,35,14,9),(266,93,NULL,'8888-01-01','8888-12-31',17,0,17,20),(267,22,NULL,'8888-01-01','8888-12-31',15,55,16,40),(268,99,NULL,'8888-01-01','8888-12-31',10,25,10,50),(269,73,NULL,'8888-01-01','8888-12-31',7,0,7,45),(270,99,NULL,'8888-01-01','8888-12-31',13,25,13,50),(271,73,NULL,'8888-01-01','8888-12-31',8,0,8,45),(272,99,NULL,'8888-01-01','8888-12-31',17,25,17,50),(273,73,NULL,'8888-01-01','8888-12-31',8,55,9,40),(274,73,NULL,'8888-01-01','8888-12-31',9,50,10,35),(275,54,NULL,'8888-01-01','8888-12-31',14,35,14,54),(276,73,NULL,'8888-01-01','8888-12-31',10,45,11,30),(277,73,NULL,'8888-01-01','8888-12-31',11,40,12,25),(278,124,NULL,'8888-01-01','8888-12-31',10,30,11,20),(279,73,NULL,'8888-01-01','8888-12-31',12,40,13,25),(280,124,NULL,'8888-01-01','8888-12-31',14,55,15,45),(281,73,NULL,'8888-01-01','8888-12-31',13,35,14,20),(282,73,NULL,'8888-01-01','8888-12-31',14,30,15,15),(283,73,NULL,'8888-01-01','8888-12-31',16,20,17,5),(284,73,NULL,'8888-01-01','8888-12-31',15,25,16,10),(285,60,NULL,'8888-01-01','8888-12-31',8,45,9,35),(286,23,NULL,'8888-01-01','8888-12-31',8,5,8,50),(287,23,NULL,'8888-01-01','8888-12-31',13,0,13,45),(288,73,NULL,'8888-01-01','8888-12-31',17,15,18,0),(289,73,NULL,'8888-01-01','8888-12-31',18,10,18,55),(290,61,NULL,'8888-01-01','8888-12-31',10,35,11,25),(291,23,NULL,'8888-01-01','8888-12-31',17,15,18,0),(292,73,NULL,'8888-01-01','8888-12-31',19,5,19,50),(293,73,NULL,'8888-01-01','8888-12-31',20,0,20,45),(294,125,NULL,'8888-01-01','8888-12-31',9,0,9,50),(295,125,NULL,'8888-01-01','8888-12-31',13,50,14,40),(296,72,NULL,'8888-01-01','8888-12-31',15,15,16,15),(297,100,NULL,'8888-01-01','8888-12-31',7,40,8,30),(298,72,NULL,'8888-01-01','8888-12-31',12,25,13,25),(299,100,NULL,'8888-01-01','8888-12-31',10,5,10,55),(300,100,NULL,'8888-01-01','8888-12-31',14,5,14,55),(301,100,NULL,'8888-01-01','8888-12-31',17,5,17,55),(302,66,NULL,'8888-01-01','8888-12-31',8,35,9,35),(303,87,NULL,'8888-01-01','8888-12-31',8,55,9,45),(304,66,NULL,'8888-01-01','8888-12-31',12,20,13,20),(305,87,NULL,'8888-01-01','8888-12-31',11,30,12,20),(306,87,NULL,'8888-01-01','8888-12-31',15,20,16,10),(307,66,NULL,'8888-01-01','8888-12-31',13,40,14,40),(308,87,NULL,'8888-01-01','8888-12-31',18,20,19,10),(309,66,NULL,'8888-01-01','8888-12-31',14,50,15,50),(310,66,NULL,'8888-01-01','8888-12-31',16,25,17,25),(311,66,NULL,'8888-01-01','8888-12-31',17,50,18,50),(312,66,NULL,'8888-01-01','8888-12-31',9,40,10,40),(313,97,NULL,'8888-01-01','8888-12-31',7,45,8,0),(314,97,NULL,'8888-01-01','8888-12-31',8,40,8,55),(315,97,NULL,'8888-01-01','8888-12-31',11,0,11,15),(316,97,NULL,'8888-01-01','8888-12-31',12,10,12,25),(317,97,NULL,'8888-01-01','8888-12-31',13,40,13,55),(318,97,NULL,'8888-01-01','8888-12-31',15,0,15,15),(319,97,NULL,'8888-01-01','8888-12-31',16,40,16,55),(320,97,NULL,'8888-01-01','8888-12-31',17,40,17,55),(321,97,NULL,'8888-01-01','8888-12-31',19,0,19,15),(322,97,NULL,'8888-01-01','8888-12-31',20,0,20,15),(323,95,NULL,'8888-01-01','8888-12-31',17,55,18,9),(324,92,NULL,'8888-01-01','8888-12-31',18,9,18,13),(325,127,NULL,'8888-01-01','8888-12-31',18,13,18,15),(326,128,NULL,'8888-01-01','8888-12-31',6,50,6,54),(327,91,NULL,'8888-01-01','8888-12-31',6,54,6,58),(328,94,NULL,'8888-01-01','8888-12-31',6,58,7,10),(329,96,NULL,'8888-01-01','8888-12-31',6,5,6,20),(330,96,NULL,'8888-01-01','8888-12-31',7,10,7,25),(331,96,NULL,'8888-01-01','8888-12-31',8,10,8,25),(332,96,NULL,'8888-01-01','8888-12-31',9,30,9,45),(333,96,NULL,'8888-01-01','8888-12-31',11,20,11,35),(334,96,NULL,'8888-01-01','8888-12-31',13,0,13,15),(335,96,NULL,'8888-01-01','8888-12-31',14,0,14,15),(336,96,NULL,'8888-01-01','8888-12-31',15,20,15,35),(337,96,NULL,'8888-01-01','8888-12-31',17,10,17,25),(338,96,NULL,'8888-01-01','8888-12-31',19,30,19,45),(339,129,NULL,'8888-01-01','8888-12-31',18,20,18,40),(340,130,NULL,'8888-01-01','8888-12-31',18,0,18,20),(341,105,NULL,'8888-01-01','8888-12-31',6,55,7,6),(342,106,NULL,'8888-01-01','8888-12-31',7,6,7,16),(343,107,NULL,'8888-01-01','8888-12-31',7,16,7,30),(344,108,NULL,'8888-01-01','8888-12-31',7,30,7,45),(345,105,NULL,'8888-01-01','8888-12-31',9,30,9,41),(346,106,NULL,'8888-01-01','8888-12-31',9,41,9,51),(347,107,NULL,'8888-01-01','8888-12-31',9,51,10,5),(348,108,NULL,'8888-01-01','8888-12-31',10,5,10,20),(349,105,NULL,'8888-01-01','8888-12-31',13,20,13,31),(350,106,NULL,'8888-01-01','8888-12-31',13,31,13,41),(351,107,NULL,'8888-01-01','8888-12-31',13,41,13,55),(352,108,NULL,'8888-01-01','8888-12-31',13,55,14,10),(353,105,NULL,'8888-01-01','8888-12-31',16,0,16,11),(354,106,NULL,'8888-01-01','8888-12-31',16,11,16,21),(355,107,NULL,'8888-01-01','8888-12-31',16,21,16,35),(356,108,NULL,'8888-01-01','8888-12-31',16,35,16,50),(357,109,NULL,'8888-01-01','8888-12-31',8,20,8,30),(358,131,NULL,'8888-01-01','8888-12-31',6,25,6,45),(359,109,NULL,'8888-01-01','8888-12-31',11,0,11,10),(360,109,NULL,'8888-01-01','8888-12-31',11,20,11,30),(361,109,NULL,'8888-01-01','8888-12-31',14,40,14,50),(362,109,NULL,'8888-01-01','8888-12-31',17,40,17,50),(363,109,NULL,'8888-01-01','8888-12-31',17,20,17,30),(364,110,NULL,'8888-01-01','8888-12-31',8,30,8,46),(365,110,NULL,'8888-01-01','8888-12-31',11,10,11,26),(366,110,NULL,'8888-01-01','8888-12-31',11,30,11,46),(367,110,NULL,'8888-01-01','8888-12-31',14,50,15,6),(368,110,NULL,'8888-01-01','8888-12-31',17,50,18,6),(369,110,NULL,'8888-01-01','8888-12-31',17,30,17,46),(370,132,NULL,'8888-01-01','8888-12-31',6,40,7,5),(371,111,NULL,'8888-01-01','8888-12-31',8,46,8,57),(372,111,NULL,'8888-01-01','8888-12-31',11,26,11,37),(373,111,NULL,'8888-01-01','8888-12-31',11,46,11,57),(374,111,NULL,'8888-01-01','8888-12-31',15,6,15,17),(375,111,NULL,'8888-01-01','8888-12-31',18,6,18,17),(376,111,NULL,'8888-01-01','8888-12-31',17,46,17,57),(377,133,NULL,'8888-01-01','8888-12-31',8,57,9,10),(378,133,NULL,'8888-01-01','8888-12-31',11,37,11,50),(379,132,NULL,'8888-01-01','8888-12-31',11,10,11,35),(380,133,NULL,'8888-01-01','8888-12-31',11,57,12,10),(381,133,NULL,'8888-01-01','8888-12-31',15,17,15,30),(382,132,NULL,'8888-01-01','8888-12-31',15,30,15,55),(383,133,NULL,'8888-01-01','8888-12-31',18,17,18,30),(384,133,NULL,'8888-01-01','8888-12-31',17,57,18,10),(385,81,NULL,'8888-01-01','8888-12-31',7,15,7,32),(386,81,NULL,'8888-01-01','8888-12-31',8,15,8,32),(387,81,NULL,'8888-01-01','8888-12-31',9,20,9,37),(388,81,NULL,'8888-01-01','8888-12-31',11,20,11,37),(389,81,NULL,'8888-01-01','8888-12-31',12,30,12,47),(390,81,NULL,'8888-01-01','8888-12-31',14,0,14,17),(391,132,NULL,'8888-01-01','8888-12-31',9,40,10,5),(392,132,NULL,'8888-01-01','8888-12-31',13,10,13,35),(393,81,NULL,'8888-01-01','8888-12-31',16,0,16,17),(394,81,NULL,'8888-01-01','8888-12-31',17,0,17,17),(395,132,NULL,'8888-01-01','8888-12-31',15,40,16,5),(396,81,NULL,'8888-01-01','8888-12-31',18,0,18,17),(397,82,NULL,'8888-01-01','8888-12-31',7,40,7,57),(398,82,NULL,'8888-01-01','8888-12-31',8,40,8,57),(399,82,NULL,'8888-01-01','8888-12-31',9,50,10,7),(400,93,NULL,'8888-01-01','8888-12-31',8,30,8,50),(401,82,NULL,'8888-01-01','8888-12-31',11,50,12,7),(402,82,NULL,'8888-01-01','8888-12-31',13,0,13,17),(403,82,NULL,'8888-01-01','8888-12-31',14,30,14,47),(404,82,NULL,'8888-01-01','8888-12-31',16,30,16,47),(405,82,NULL,'8888-01-01','8888-12-31',17,30,17,47),(406,93,NULL,'8888-01-01','8888-12-31',11,0,11,20),(407,82,NULL,'8888-01-01','8888-12-31',18,30,18,47),(408,93,NULL,'8888-01-01','8888-12-31',14,30,14,50),(409,134,NULL,'8888-01-01','8888-12-31',10,30,11,18),(410,134,NULL,'8888-01-01','8888-12-31',15,0,15,48),(411,135,NULL,'8888-01-01','8888-12-31',9,0,9,48),(412,135,NULL,'8888-01-01','8888-12-31',13,50,14,38),(413,135,NULL,'8888-01-01','8888-12-31',16,50,17,38),(414,136,NULL,'8888-01-01','8888-12-31',7,40,8,10),(415,114,NULL,'8888-01-01','8888-12-31',8,12,8,47),(416,32,NULL,'8888-01-01','8888-12-31',7,40,9,5),(417,32,NULL,'8888-01-01','8888-12-31',11,30,12,55),(418,32,NULL,'8888-01-01','8888-12-31',14,50,16,15),(419,48,NULL,'8888-01-01','8888-12-31',13,40,15,5),(420,137,NULL,'8888-01-01','8888-12-31',7,30,8,0),(421,137,NULL,'8888-01-01','8888-12-31',9,20,9,50),(422,137,NULL,'8888-01-01','8888-12-31',16,30,17,0),(423,139,NULL,'8888-01-01','8888-12-31',8,0,9,15),(424,139,NULL,'8888-01-01','8888-12-31',9,50,11,5),(425,139,NULL,'8888-01-01','8888-12-31',17,0,18,15),(426,140,NULL,'8888-01-01','8888-12-31',16,30,17,40),(427,138,NULL,'8888-01-01','8888-12-31',17,40,18,15),(429,141,NULL,'8888-01-01','8888-12-31',7,50,8,10),(430,56,NULL,'8888-01-01','8888-12-31',16,45,17,5),(431,141,NULL,'8888-01-01','8888-12-31',10,0,10,23),(432,141,NULL,'8888-01-01','8888-12-31',14,0,14,23),(433,141,NULL,'8888-01-01','8888-12-31',17,30,17,53),(434,56,NULL,'8888-01-01','8888-12-31',9,10,9,30),(435,56,NULL,'8888-01-01','8888-12-31',12,5,12,25),(436,142,NULL,'8888-01-01','8888-12-31',10,23,10,38),(437,142,NULL,'8888-01-01','8888-12-31',14,23,14,38),(438,142,NULL,'8888-01-01','8888-12-31',17,53,18,8),(439,143,NULL,'8888-01-01','8888-12-31',10,38,11,3),(440,143,NULL,'8888-01-01','8888-12-31',14,38,15,3),(441,143,NULL,'8888-01-01','8888-12-31',18,8,18,33),(442,55,NULL,'8888-01-01','8888-12-31',9,35,9,55),(443,144,NULL,'8888-01-01','8888-12-31',11,3,11,15),(444,144,NULL,'8888-01-01','8888-12-31',15,3,15,15),(445,144,NULL,'8888-01-01','8888-12-31',18,33,18,45),(446,55,NULL,'8888-01-01','8888-12-31',12,30,12,50),(447,145,NULL,'8888-01-01','8888-12-31',6,20,6,35),(448,55,NULL,'8888-01-01','8888-12-31',17,10,17,30),(449,145,NULL,'8888-01-01','8888-12-31',12,10,12,25),(450,145,NULL,'8888-01-01','8888-12-31',15,30,15,45),(451,146,NULL,'8888-01-01','8888-12-31',6,35,7,0),(452,146,NULL,'8888-01-01','8888-12-31',12,25,12,50),(453,146,NULL,'8888-01-01','8888-12-31',15,45,16,10),(454,147,NULL,'8888-01-01','8888-12-31',7,0,7,15),(455,147,NULL,'8888-01-01','8888-12-31',12,50,13,5),(456,147,NULL,'8888-01-01','8888-12-31',16,10,16,25),(457,75,NULL,'8888-01-01','8888-12-31',7,35,8,5),(458,148,NULL,'8888-01-01','8888-12-31',7,15,7,35),(459,148,NULL,'8888-01-01','8888-12-31',8,13,8,33),(460,148,NULL,'8888-01-01','8888-12-31',13,5,13,25),(461,148,NULL,'8888-01-01','8888-12-31',16,25,16,45),(462,78,NULL,'8888-01-01','8888-12-31',14,40,15,5),(463,85,NULL,'8888-01-01','8888-12-31',15,10,15,17),(464,149,NULL,'8888-01-01','8888-12-31',7,40,7,55),(465,149,NULL,'8888-01-01','8888-12-31',10,0,10,15),(466,149,NULL,'8888-01-01','8888-12-31',13,30,13,45),(467,149,NULL,'8888-01-01','8888-12-31',16,50,17,5),(468,149,NULL,'8888-01-01','8888-12-31',18,40,18,55),(469,150,NULL,'8888-01-01','8888-12-31',7,55,8,5),(470,150,NULL,'8888-01-01','8888-12-31',10,15,10,25),(471,150,NULL,'8888-01-01','8888-12-31',13,45,13,55),(472,150,NULL,'8888-01-01','8888-12-31',17,5,17,15),(473,150,NULL,'8888-01-01','8888-12-31',18,55,19,5),(474,151,NULL,'8888-01-01','8888-12-31',6,25,6,38),(475,153,NULL,'8888-01-01','8888-12-31',15,30,16,0),(476,151,NULL,'8888-01-01','8888-12-31',8,30,8,43),(477,151,NULL,'8888-01-01','8888-12-31',12,30,12,43),(478,151,NULL,'8888-01-01','8888-12-31',16,0,16,13),(479,151,NULL,'8888-01-01','8888-12-31',17,40,17,53),(480,152,NULL,'8888-01-01','8888-12-31',6,38,6,50),(481,152,NULL,'8888-01-01','8888-12-31',8,43,8,55),(482,152,NULL,'8888-01-01','8888-12-31',12,43,12,55),(483,152,NULL,'8888-01-01','8888-12-31',16,13,16,25),(484,152,NULL,'8888-01-01','8888-12-31',17,53,18,5),(485,81,NULL,'8888-01-01','8888-12-31',12,30,13,0),(486,81,NULL,'8888-01-01','8888-12-31',7,15,7,40),(487,81,NULL,'8888-01-01','8888-12-31',8,15,8,40),(488,81,NULL,'8888-01-01','8888-12-31',9,20,9,50),(489,81,NULL,'8888-01-01','8888-12-31',11,20,11,50),(490,81,NULL,'8888-01-01','8888-12-31',14,0,14,30),(491,81,NULL,'8888-01-01','8888-12-31',16,0,16,30),(492,81,NULL,'8888-01-01','8888-12-31',17,0,17,30),(493,81,NULL,'8888-01-01','8888-12-31',18,0,18,30),(494,53,NULL,'8888-01-01','8888-12-31',7,0,7,25),(495,57,NULL,'8888-01-01','8888-12-31',7,25,8,13),(496,64,NULL,'8888-01-01','8888-12-31',8,13,9,15),(497,68,NULL,'8888-01-01','8888-12-31',14,0,15,20),(498,65,NULL,'8888-01-01','8888-12-31',15,20,16,20),(499,63,NULL,'8888-01-01','8888-12-31',16,20,17,10),(500,53,NULL,'8888-01-01','8888-12-31',7,16,7,41),(501,57,NULL,'8888-01-01','8888-12-31',7,41,8,30),(502,64,NULL,'8888-01-01','8888-12-31',8,30,9,30),(503,68,NULL,'8888-01-01','8888-12-31',13,30,14,50),(504,65,NULL,'8888-01-01','8888-12-31',14,50,15,50),(505,63,NULL,'8888-01-01','8888-12-31',15,50,16,40),(506,20,NULL,'8888-01-01','8888-12-31',6,5,7,25),(507,22,NULL,'8888-01-01','8888-12-31',8,45,9,15),(508,22,NULL,'8888-01-01','8888-12-31',10,50,11,20),(509,22,NULL,'8888-01-01','8888-12-31',14,20,14,50),(510,23,NULL,'8888-01-01','8888-12-31',9,45,10,15),(511,23,NULL,'8888-01-01','8888-12-31',15,55,16,25),(512,73,NULL,'8888-01-01','8888-12-31',8,35,9,20),(513,73,NULL,'8888-01-01','8888-12-31',9,15,10,0),(514,73,NULL,'8888-01-01','8888-12-31',9,55,10,40),(515,73,NULL,'8888-01-01','8888-12-31',10,30,11,15),(516,73,NULL,'8888-01-01','8888-12-31',11,10,11,55),(517,73,NULL,'8888-01-01','8888-12-31',12,0,12,45),(518,73,NULL,'8888-01-01','8888-12-31',13,5,13,50),(519,73,NULL,'8888-01-01','8888-12-31',13,55,14,40),(520,73,NULL,'8888-01-01','8888-12-31',14,35,15,20),(521,73,NULL,'8888-01-01','8888-12-31',15,15,16,0),(522,73,NULL,'8888-01-01','8888-12-31',15,55,16,40),(523,73,NULL,'8888-01-01','8888-12-31',16,35,17,20),(524,73,NULL,'8888-01-01','8888-12-31',18,5,18,50),(525,73,NULL,'8888-01-01','8888-12-31',9,0,9,45),(526,73,NULL,'8888-01-01','8888-12-31',10,0,10,45),(527,73,NULL,'8888-01-01','8888-12-31',13,0,13,45),(528,73,NULL,'8888-01-01','8888-12-31',14,0,14,45),(529,73,NULL,'8888-01-01','8888-12-31',15,0,15,45),(530,73,NULL,'8888-01-01','8888-12-31',16,0,16,45),(531,73,NULL,'8888-01-01','8888-12-31',17,0,17,45),(532,73,NULL,'8888-01-01','8888-12-31',18,0,18,45),(533,73,NULL,'8888-01-01','8888-12-31',19,0,19,45),(534,123,NULL,'8888-01-01','8888-12-31',9,30,10,15),(535,123,NULL,'8888-01-01','8888-12-31',10,10,10,55),(536,123,NULL,'8888-01-01','8888-12-31',11,0,11,45),(537,123,NULL,'8888-01-01','8888-12-31',12,5,12,50),(538,123,NULL,'8888-01-01','8888-12-31',12,55,13,40),(539,123,NULL,'8888-01-01','8888-12-31',14,15,15,0),(540,123,NULL,'8888-01-01','8888-12-31',14,55,15,40),(541,123,NULL,'8888-01-01','8888-12-31',15,35,16,20),(542,123,NULL,'8888-01-01','8888-12-31',16,15,17,0),(543,123,NULL,'8888-01-01','8888-12-31',16,55,17,40),(544,123,NULL,'8888-01-01','8888-12-31',17,35,18,20),(545,123,NULL,'8888-01-01','8888-12-31',9,0,9,45),(546,123,NULL,'8888-01-01','8888-12-31',10,0,10,45),(547,123,NULL,'8888-01-01','8888-12-31',12,0,12,45),(548,123,NULL,'8888-01-01','8888-12-31',13,0,13,45),(549,123,NULL,'8888-01-01','8888-12-31',14,0,14,45),(550,123,NULL,'8888-01-01','8888-12-31',15,0,15,45),(551,123,NULL,'8888-01-01','8888-12-31',16,0,16,45),(552,123,NULL,'8888-01-01','8888-12-31',17,0,17,45),(553,123,NULL,'8888-01-01','8888-12-31',18,0,18,45),(554,123,NULL,'8888-01-01','8888-12-31',19,0,19,45),(555,60,NULL,'8888-01-01','8888-12-31',7,25,7,48),(556,71,NULL,'8888-01-01','8888-12-31',13,15,13,34),(557,71,NULL,'8888-01-01','8888-12-31',16,35,16,54),(558,70,NULL,'8888-01-01','8888-12-31',8,5,8,24),(559,117,NULL,'8888-01-01','8888-12-31',13,40,13,45),(560,61,NULL,'8888-01-01','8888-12-31',13,50,14,13),(561,117,NULL,'8888-01-01','8888-12-31',17,0,17,5),(562,61,NULL,'8888-01-01','8888-12-31',17,10,17,33),(563,51,NULL,'8888-01-01','8888-12-31',16,50,17,9),(564,54,NULL,'8888-01-01','8888-12-31',14,35,14,54),(565,54,NULL,'8888-01-01','8888-12-31',17,20,17,39),(566,86,NULL,'8888-01-01','8888-12-31',8,15,8,22),(567,88,NULL,'8888-01-01','8888-12-31',8,25,8,50),(568,155,NULL,'8888-01-01','8888-12-31',7,0,7,10),(569,157,NULL,'8888-01-01','8888-12-31',7,13,7,45),(570,158,NULL,'8888-01-01','8888-12-31',8,20,8,50),(571,156,NULL,'8888-01-01','8888-12-31',8,53,9,5),(572,159,NULL,'8888-01-01','8888-12-31',9,10,9,45),(573,158,NULL,'8888-01-01','8888-12-31',11,30,12,0),(574,156,NULL,'8888-01-01','8888-12-31',12,3,12,15),(575,155,NULL,'8888-01-01','8888-12-31',13,30,13,40),(576,157,NULL,'8888-01-01','8888-12-31',13,43,14,15),(577,158,NULL,'8888-01-01','8888-12-31',14,20,14,50),(578,156,NULL,'8888-01-01','8888-12-31',14,53,15,5),(579,159,NULL,'8888-01-01','8888-12-31',16,5,16,40),(580,158,NULL,'8888-01-01','8888-12-31',17,30,18,0),(581,156,NULL,'8888-01-01','8888-12-31',18,3,18,15),(582,158,NULL,'8888-01-01','8888-12-31',17,15,17,45),(583,156,NULL,'8888-01-01','8888-12-31',17,48,18,0),(584,161,NULL,'8888-01-01','8888-12-31',7,30,7,45),(585,162,NULL,'8888-01-01','8888-12-31',7,50,8,10),(586,165,NULL,'8888-01-01','8888-12-31',8,15,8,40),(587,167,NULL,'8888-01-01','8888-12-31',11,50,12,30),(588,165,NULL,'8888-01-01','8888-12-31',13,50,14,15),(589,166,NULL,'8888-01-01','8888-12-31',16,30,16,55),(590,163,NULL,'8888-01-01','8888-12-31',17,0,17,20),(591,164,NULL,'8888-01-01','8888-12-31',17,25,17,35),(592,168,NULL,'8888-01-01','8888-12-31',6,45,6,55),(593,171,NULL,'8888-01-01','8888-12-31',7,0,7,10),(594,169,NULL,'8888-01-01','8888-12-31',7,25,7,45),(595,170,NULL,'8888-01-01','8888-12-31',7,50,8,0),(596,172,NULL,'8888-01-01','8888-12-31',8,5,8,25),(597,168,NULL,'8888-01-01','8888-12-31',8,35,8,45),(598,171,NULL,'8888-01-01','8888-12-31',8,50,9,0),(599,173,NULL,'8888-01-01','8888-12-31',11,10,11,30),(600,172,NULL,'8888-01-01','8888-12-31',11,35,11,55),(601,168,NULL,'8888-01-01','8888-12-31',11,50,12,0),(602,171,NULL,'8888-01-01','8888-12-31',12,5,12,15),(603,169,NULL,'8888-01-01','8888-12-31',14,30,14,50),(604,170,NULL,'8888-01-01','8888-12-31',14,55,15,5),(605,172,NULL,'8888-01-01','8888-12-31',15,10,15,30),(606,168,NULL,'8888-01-01','8888-12-31',17,40,17,50),(607,171,NULL,'8888-01-01','8888-12-31',17,55,18,5),(608,174,NULL,'8888-01-01','8888-12-31',12,15,12,44),(609,2,NULL,'8888-01-01','8888-12-31',13,30,13,59),(610,174,NULL,'8888-01-01','8888-12-31',13,30,13,59),(611,174,NULL,'8888-01-01','8888-12-31',16,0,16,20),(612,176,NULL,'8888-01-01','8888-12-31',6,50,6,57),(613,179,NULL,'8888-01-01','8888-12-31',7,30,7,41),(614,177,NULL,'8888-01-01','8888-12-31',7,5,7,12),(615,179,NULL,'8888-01-01','8888-12-31',8,30,8,41),(616,179,NULL,'8888-01-01','8888-12-31',10,0,10,11),(617,176,NULL,'8888-01-01','8888-12-31',8,15,8,22),(618,179,NULL,'8888-01-01','8888-12-31',11,15,11,26),(619,177,NULL,'8888-01-01','8888-12-31',8,35,8,42),(620,178,NULL,'8888-01-01','8888-12-31',12,44,12,59),(621,176,NULL,'8888-01-01','8888-12-31',12,15,12,22),(622,178,NULL,'8888-01-01','8888-12-31',13,50,14,14),(623,178,NULL,'8888-01-01','8888-12-31',16,20,16,30),(624,177,NULL,'8888-01-01','8888-12-31',12,30,12,37),(625,176,NULL,'8888-01-01','8888-12-31',15,0,15,7),(626,74,NULL,'8888-01-01','8888-12-31',6,37,7,0),(627,177,NULL,'8888-01-01','8888-12-31',16,0,16,7),(628,74,NULL,'8888-01-01','8888-12-31',7,22,7,51),(629,176,NULL,'8888-01-01','8888-12-31',17,50,17,57),(630,74,NULL,'8888-01-01','8888-12-31',8,5,8,28),(631,177,NULL,'8888-01-01','8888-12-31',18,5,18,12),(632,74,NULL,'8888-01-01','8888-12-31',9,30,9,53),(633,74,NULL,'8888-01-01','8888-12-31',10,40,11,3),(634,74,NULL,'8888-01-01','8888-12-31',14,40,15,6),(635,176,NULL,'8888-01-01','8888-12-31',17,40,17,47),(636,74,NULL,'8888-01-01','8888-12-31',17,30,17,53),(637,74,NULL,'8888-01-01','8888-12-31',18,30,18,53),(638,74,NULL,'8888-01-01','8888-12-31',19,30,19,53),(639,76,NULL,'8888-01-01','8888-12-31',6,50,7,13),(640,76,NULL,'8888-01-01','8888-12-31',9,8,9,31),(641,177,NULL,'8888-01-01','8888-12-31',17,55,18,2),(642,76,NULL,'8888-01-01','8888-12-31',9,15,9,44),(643,76,NULL,'8888-01-01','8888-12-31',13,0,13,29),(644,76,NULL,'8888-01-01','8888-12-31',14,20,14,49),(645,76,NULL,'8888-01-01','8888-12-31',16,58,17,21),(646,76,NULL,'8888-01-01','8888-12-31',18,0,18,23),(647,76,NULL,'8888-01-01','8888-12-31',19,0,19,23),(648,76,NULL,'8888-01-01','8888-12-31',20,0,20,23),(649,79,NULL,'8888-01-01','8888-12-31',7,51,8,9),(650,79,NULL,'8888-01-01','8888-12-31',15,6,15,26),(651,82,NULL,'8888-01-01','8888-12-31',15,26,15,34),(652,181,NULL,'8888-01-01','8888-12-31',8,10,8,19),(653,182,NULL,'8888-01-01','8888-12-31',15,34,15,47),(654,184,NULL,'8888-01-01','8888-12-31',15,47,15,57),(655,183,NULL,'8888-01-01','8888-12-31',8,23,8,32),(656,185,NULL,'8888-01-01','8888-12-31',15,58,16,9),(657,181,NULL,'8888-01-01','8888-12-31',9,20,9,29),(658,186,NULL,'8888-01-01','8888-12-31',8,35,8,47),(659,186,NULL,'8888-01-01','8888-12-31',16,9,16,21),(660,187,NULL,'8888-01-01','8888-12-31',9,34,9,54),(661,80,NULL,'8888-01-01','8888-12-31',8,47,9,8),(662,80,NULL,'8888-01-01','8888-12-31',8,50,9,15),(663,180,NULL,'8888-01-01','8888-12-31',10,23,11,15),(664,80,NULL,'8888-01-01','8888-12-31',16,21,16,38),(665,188,NULL,'8888-01-01','8888-12-31',10,0,10,17),(666,181,NULL,'8888-01-01','8888-12-31',11,0,11,9),(667,187,NULL,'8888-01-01','8888-12-31',11,13,11,33),(668,188,NULL,'8888-01-01','8888-12-31',11,38,11,55),(669,181,NULL,'8888-01-01','8888-12-31',14,0,14,9),(670,183,NULL,'8888-01-01','8888-12-31',14,40,14,49),(671,181,NULL,'8888-01-01','8888-12-31',16,35,16,44),(672,183,NULL,'8888-01-01','8888-12-31',16,51,17,0),(673,190,NULL,'8888-01-01','8888-12-31',15,45,16,2),(674,189,NULL,'8888-01-01','8888-12-31',10,0,10,38),(675,188,NULL,'8888-01-01','8888-12-31',16,10,16,27),(676,189,NULL,'8888-01-01','8888-12-31',14,0,14,38),(677,189,NULL,'8888-01-01','8888-12-31',17,30,18,8),(678,180,NULL,'8888-01-01','8888-12-31',14,23,15,15),(679,180,NULL,'8888-01-01','8888-12-31',17,53,18,45);
/*!40000 ALTER TABLE `schedule` ENABLE KEYS */;
UNLOCK TABLES;

--
-- Table structure for table `vehicle`
--

DROP TABLE IF EXISTS `vehicle`;
/*!40101 SET @saved_cs_client     = @@character_set_client */;
/*!40101 SET character_set_client = utf8 */;
CREATE TABLE `vehicle` (
  `id` int(11) NOT NULL AUTO_INCREMENT,
  `name` varchar(255) COLLATE utf8mb4_unicode_ci NOT NULL,
  PRIMARY KEY (`id`)
) ENGINE=InnoDB DEFAULT CHARSET=utf8mb4 COLLATE=utf8mb4_unicode_ci;
/*!40101 SET character_set_client = @saved_cs_client */;

--
-- Dumping data for table `vehicle`
--

LOCK TABLES `vehicle` WRITE;
/*!40000 ALTER TABLE `vehicle` DISABLE KEYS */;
/*!40000 ALTER TABLE `vehicle` ENABLE KEYS */;
UNLOCK TABLES;
/*!40103 SET TIME_ZONE=@OLD_TIME_ZONE */;

/*!40101 SET SQL_MODE=@OLD_SQL_MODE */;
/*!40014 SET FOREIGN_KEY_CHECKS=@OLD_FOREIGN_KEY_CHECKS */;
/*!40014 SET UNIQUE_CHECKS=@OLD_UNIQUE_CHECKS */;
/*!40101 SET CHARACTER_SET_CLIENT=@OLD_CHARACTER_SET_CLIENT */;
/*!40101 SET CHARACTER_SET_RESULTS=@OLD_CHARACTER_SET_RESULTS */;
/*!40101 SET COLLATION_CONNECTION=@OLD_COLLATION_CONNECTION */;
/*!40111 SET SQL_NOTES=@OLD_SQL_NOTES */;

-- Dump completed on 2024-02-25 11:55:32
